[{ "name": "왕OO", "age": "(남  만 31세)", "career": "총 경력 4년6개월   평균 근속1년 이상", "link": "https://www.jobkorea.co.kr/Corp/Person/Find/Resume/View?rNo=22057230"}, 
{ "name": "조OO", "age": "(남  만 29세)", "career": "총 경력 7년   평균 근속1년 이상", "link": "https://www.jobkorea.co.kr/Corp/Person/Find/Resume/View?rNo=22550769"}, 
{ "name": "이OO", "age": "(여  만 27세)", "career": "총 경력 1년11개월   평균 근속1년 이상", "link": "https://www.jobkorea.co.kr/Corp/Person/Find/Resume/View?rNo=20517209"}, 
{ "name": "김OO", "age": "(남  만 26세)", "career": "총 경력 신입", "link": "https://www.jobkorea.co.kr/Corp/Person/Find/Resume/View?rNo=21708546"}, 
{ "name": "장OO", "age": "(여  만 26세)", "career": "총 경력 1년4개월   평균 근속1년 이상", "link": "https://www.jobkorea.co.kr/Corp/Person/Find/Resume/View?rNo=25322288"}, 
{ "name": "임OO", "age": "(남  만 54세)", "career": "총 경력 27년7개월   평균 근속1년 이상", "link": "https://www.jobkorea.co.kr/Corp/Person/Find/Resume/View?rNo=27803"}, 
{ "name": "김OO", "age": "(남  만 55세)", "career": "총 경력 5년2개월   평균 근속3년 이상", "link": "https://www.jobkorea.co.kr/Corp/Person/Find/Resume/View?rNo=13443330"}, 
{ "name": "박OO", "age": "(여  만 27세)", "career": "총 경력 4년11개월   평균 근속1년 이상", "link": "https://www.jobkorea.co.kr/Corp/Person/Find/Resume/View?rNo=25422766"}, 
{ "name": "성OO", "age": "(남  만 39세)", "career": "총 경력 13년2개월   평균 근속1년 이상", "link": "https://www.jobkorea.co.kr/Corp/Person/Find/Resume/View?rNo=7316254"}, 
{ "name": "노OO", "age": "(여  만 35세)", "career": "총 경력 1년7개월   평균 근속1년 이상", "link": "https://www.jobkorea.co.kr/Corp/Person/Find/Resume/View?rNo=24131832"}, 
{ "name": "양OO", "age": "(여  만 24세)", "career": "총 경력 신입", "link": "https://www.jobkorea.co.kr/Corp/Person/Find/Resume/View?rNo=23398208"}, 
{ "name": "정OO", "age": "(여  만 22세)", "career": "총 경력 신입", "link": "https://www.jobkorea.co.kr/Corp/Person/Find/Resume/View?rNo=25393523"}, 
{ "name": "최OO", "age": "(여  만 24세)", "career": "총 경력 신입", "link": "https://www.jobkorea.co.kr/Corp/Person/Find/Resume/View?rNo=23501919"}, 
{ "name": "강OO", "age": "(남  만 51세)", "career": "총 경력 18년1개월   평균 근속3년 이상", "link": "https://www.jobkorea.co.kr/Corp/Person/Find/Resume/View?rNo=18557441"}, 
{ "name": "송OO", "age": "(여  만 36세)", "career": "총 경력 신입", "link": "https://www.jobkorea.co.kr/Corp/Person/Find/Resume/View?rNo=16156778"}, 
{ "name": "유OO", "age": "(여  만 23세)", "career": "총 경력 신입", "link": "https://www.jobkorea.co.kr/Corp/Person/Find/Resume/View?rNo=25322078"}, 
{ "name": "정OO", "age": "(남  만 27세)", "career": "총 경력 신입", "link": "https://www.jobkorea.co.kr/Corp/Person/Find/Resume/View?rNo=18497809"}, 
{ "name": "김OO", "age": "(남  만 49세)", "career": "총 경력 21년3개월   평균 근속15년 이상", "link": "https://www.jobkorea.co.kr/Corp/Person/Find/Resume/View?rNo=11650714"}, 
{ "name": "강OO", "age": "(남  만 24세)", "career": "총 경력 신입", "link": "https://www.jobkorea.co.kr/Corp/Person/Find/Resume/View?rNo=24700664"}, 
{ "name": "양OO", "age": "(남  만 38세)", "career": "총 경력 11년7개월   평균 근속3년 이상", "link": "https://www.jobkorea.co.kr/Corp/Person/Find/Resume/View?rNo=5732636"}, 
{ "name": "한OO", "age": "(남  만 51세)", "career": "총 경력 25년2개월   평균 근속3년 이상", "link": "https://www.jobkorea.co.kr/Corp/Person/Find/Resume/View?rNo=6395423"}, 
{ "name": "오OO", "age": "(여  만 24세)", "career": "총 경력 신입", "link": "https://www.jobkorea.co.kr/Corp/Person/Find/Resume/View?rNo=22057571"}, 
{ "name": "서OO", "age": "(남  만 46세)", "career": "총 경력 19년9개월   평균 근속1년 이상", "link": "https://www.jobkorea.co.kr/Corp/Person/Find/Resume/View?rNo=4991249"}, 
{ "name": "장OO", "age": "(남  만 35세)", "career": "총 경력 9년2개월   평균 근속1년 이상", "link": "https://www.jobkorea.co.kr/Corp/Person/Find/Resume/View?rNo=17020200"}, 
{ "name": "김OO", "age": "(남  만 37세)", "career": "총 경력 14년8개월   평균 근속7년 이상", "link": "https://www.jobkorea.co.kr/Corp/Person/Find/Resume/View?rNo=23588718"}, 
{ "name": "김OO", "age": "(남  만 32세)", "career": "총 경력 4년8개월   평균 근속1년 이상", "link": "https://www.jobkorea.co.kr/Corp/Person/Find/Resume/View?rNo=24123685"}, 
{ "name": "최OO", "age": "(남  만 42세)", "career": "총 경력 15년11개월   평균 근속3년 이상", "link": "https://www.jobkorea.co.kr/Corp/Person/Find/Resume/View?rNo=5611370"}, 
{ "name": "최OO", "age": "(남  만 30세)", "career": "총 경력 1년5개월   평균 근속1년 이상", "link": "https://www.jobkorea.co.kr/Corp/Person/Find/Resume/View?rNo=24327162"}, 
{ "name": "우OO", "age": "(여  만 38세)", "career": "총 경력 17년1개월   평균 근속5년 이상", "link": "https://www.jobkorea.co.kr/Corp/Person/Find/Resume/View?rNo=15162906"}, 
{ "name": "권OO", "age": "(남  만 52세)", "career": "총 경력 2년   평균 근속1년 이상", "link": "https://www.jobkorea.co.kr/Corp/Person/Find/Resume/View?rNo=15238771"}, 
{ "name": "김OO", "age": "(남  만 59세)", "career": "총 경력 31년   평균 근속15년 이상", "link": "https://www.jobkorea.co.kr/Corp/Person/Find/Resume/View?rNo=22424601"}, 
{ "name": "김OO", "age": "(남  만 24세)", "career": "총 경력 신입", "link": "https://www.jobkorea.co.kr/Corp/Person/Find/Resume/View?rNo=25157153"}, 
{ "name": "김OO", "age": "(여  만 31세)", "career": "총 경력 5년9개월   평균 근속1년 이상", "link": "https://www.jobkorea.co.kr/Corp/Person/Find/Resume/View?rNo=25319521"}, 
{ "name": "변OO", "age": "(남  만 58세)", "career": "총 경력 30년1개월   평균 근속3년 이상", "link": "https://www.jobkorea.co.kr/Corp/Person/Find/Resume/View?rNo=9988431"}, 
{ "name": "이OO", "age": "(여  만 23세)", "career": "총 경력 신입", "link": "https://www.jobkorea.co.kr/Corp/Person/Find/Resume/View?rNo=21971224"}, 
{ "name": "조OO", "age": "(여  만 35세)", "career": "총 경력 2년10개월   평균 근속1년 이상", "link": "https://www.jobkorea.co.kr/Corp/Person/Find/Resume/View?rNo=20544560"}, 
{ "name": "김OO", "age": "(남  만 44세)", "career": "총 경력 13년4개월   평균 근속5년 이상", "link": "https://www.jobkorea.co.kr/Corp/Person/Find/Resume/View?rNo=23989003"}, 
{ "name": "서OO", "age": "(여  만 35세)", "career": "총 경력 9년11개월   평균 근속1년 이상", "link": "https://www.jobkorea.co.kr/Corp/Person/Find/Resume/View?rNo=18203861"}, 
{ "name": "송OO", "age": "(남  만 31세)", "career": "총 경력 4년9개월   평균 근속1년 이상", "link": "https://www.jobkorea.co.kr/Corp/Person/Find/Resume/View?rNo=16598594"}, 
{ "name": "양OO", "age": "(남  만 40세)", "career": "총 경력 12년10개월   평균 근속1년 이상", "link": "https://www.jobkorea.co.kr/Corp/Person/Find/Resume/View?rNo=22350995"}, 
{ "name": "양OO", "age": "(여  만 30세)", "career": "총 경력 3년3개월   평균 근속1년 이상", "link": "https://www.jobkorea.co.kr/Corp/Person/Find/Resume/View?rNo=13424189"}, 
{ "name": "최OO", "age": "(여  만 27세)", "career": "총 경력 5년7개월   평균 근속1년 이상", "link": "https://www.jobkorea.co.kr/Corp/Person/Find/Resume/View?rNo=13444355"}, 
{ "name": "최OO", "age": "(남  만 23세)", "career": "총 경력 4개월", "link": "https://www.jobkorea.co.kr/Corp/Person/Find/Resume/View?rNo=24220233"}, 
{ "name": "채OO", "age": "(여  만 33세)", "career": "총 경력 8년6개월   평균 근속1년 이상", "link": "https://www.jobkorea.co.kr/Corp/Person/Find/Resume/View?rNo=14556641"}, 
{ "name": "남OO", "age": "(여  만 23세)", "career": "총 경력 신입", "link": "https://www.jobkorea.co.kr/Corp/Person/Find/Resume/View?rNo=20150303"}, 
{ "name": "맹OO", "age": "(남  만 35세)", "career": "총 경력 6년4개월   평균 근속3년 이상", "link": "https://www.jobkorea.co.kr/Corp/Person/Find/Resume/View?rNo=24236338"}, 
{ "name": "정OO", "age": "(여  만 49세)", "career": "총 경력 26년7개월   평균 근속1년 이상", "link": "https://www.jobkorea.co.kr/Corp/Person/Find/Resume/View?rNo=25047773"}, 
{ "name": "제OO", "age": "(남  만 27세)", "career": "총 경력 신입", "link": "https://www.jobkorea.co.kr/Corp/Person/Find/Resume/View?rNo=22263137"}, 
{ "name": "최OO", "age": "(여  만 40세)", "career": "총 경력 13년9개월   평균 근속3년 이상", "link": "https://www.jobkorea.co.kr/Corp/Person/Find/Resume/View?rNo=13422286"}, 
{ "name": "윤OO", "age": "(여  만 41세)", "career": "총 경력 11년2개월   평균 근속1년 이상", "link": "https://www.jobkorea.co.kr/Corp/Person/Find/Resume/View?rNo=21737940"}, 
{ "name": "슬OO", "age": "(여  만 43세)", "career": "총 경력 1년1개월   평균 근속1년 이상", "link": "https://www.jobkorea.co.kr/Corp/Person/Find/Resume/View?rNo=24842492"}, 
{ "name": "양OO", "age": "(남  만 43세)", "career": "총 경력 17년   평균 근속7년 이상", "link": "https://www.jobkorea.co.kr/Corp/Person/Find/Resume/View?rNo=25395705"}, 
{ "name": "배OO", "age": "(남  만 33세)", "career": "총 경력 10년11개월   평균 근속1년 이상", "link": "https://www.jobkorea.co.kr/Corp/Person/Find/Resume/View?rNo=12606553"}, 
{ "name": "김OO", "age": "(남  만 32세)", "career": "총 경력 5년5개월   평균 근속1년 이상", "link": "https://www.jobkorea.co.kr/Corp/Person/Find/Resume/View?rNo=19406558"}, 
{ "name": "강OO", "age": "(여  만 26세)", "career": "총 경력 2년7개월   평균 근속1년 이상", "link": "https://www.jobkorea.co.kr/Corp/Person/Find/Resume/View?rNo=19408099"}, 
{ "name": "이OO", "age": "(여  만 43세)", "career": "총 경력 16년10개월   평균 근속1년 이상", "link": "https://www.jobkorea.co.kr/Corp/Person/Find/Resume/View?rNo=3136884"}, 
{ "name": "우OO", "age": "(남  만 56세)", "career": "총 경력 28년10개월   평균 근속5년 이상", "link": "https://www.jobkorea.co.kr/Corp/Person/Find/Resume/View?rNo=5303828"}, 
{ "name": "최OO", "age": "(여  만 24세)", "career": "총 경력 신입", "link": "https://www.jobkorea.co.kr/Corp/Person/Find/Resume/View?rNo=23842003"}, 
{ "name": "곽OO", "age": "(남  만 25세)", "career": "총 경력 신입", "link": "https://www.jobkorea.co.kr/Corp/Person/Find/Resume/View?rNo=25270361"}, 
{ "name": "김OO", "age": "(여  만 44세)", "career": "총 경력 14년8개월   평균 근속3년 이상", "link": "https://www.jobkorea.co.kr/Corp/Person/Find/Resume/View?rNo=16755580"}, 
{ "name": "정OO", "age": "(여  만 47세)", "career": "총 경력 21년11개월   평균 근속5년 이상", "link": "https://www.jobkorea.co.kr/Corp/Person/Find/Resume/View?rNo=11362695"}, 
{ "name": "서OO", "age": "(남  만 38세)", "career": "총 경력 10년2개월   평균 근속1년 이상", "link": "https://www.jobkorea.co.kr/Corp/Person/Find/Resume/View?rNo=25169580"}, 
{ "name": "김OO", "age": "(여  만 30세)", "career": "총 경력 1년5개월   평균 근속1년 이상", "link": "https://www.jobkorea.co.kr/Corp/Person/Find/Resume/View?rNo=11581813"}, 
{ "name": "SOO", "age": "(여  만 40세)", "career": "총 경력 2년2개월   평균 근속1년 이상", "link": "https://www.jobkorea.co.kr/Corp/Person/Find/Resume/View?rNo=25399275"}, 
{ "name": "김OO", "age": "(여  만 32세)", "career": "총 경력 9년4개월   평균 근속1년 이상", "link": "https://www.jobkorea.co.kr/Corp/Person/Find/Resume/View?rNo=6865842"}, 
{ "name": "김OO", "age": "(남  만 26세)", "career": "총 경력 신입", "link": "https://www.jobkorea.co.kr/Corp/Person/Find/Resume/View?rNo=25423364"}, 
{ "name": "신OO", "age": "(여  만 26세)", "career": "총 경력 신입", "link": "https://www.jobkorea.co.kr/Corp/Person/Find/Resume/View?rNo=18665244"}, 
{ "name": "최OO", "age": "(여  만 27세)", "career": "총 경력 3년3개월   평균 근속1년 이상", "link": "https://www.jobkorea.co.kr/Corp/Person/Find/Resume/View?rNo=25206723"}, 
{ "name": "신OO", "age": "(여  만 43세)", "career": "총 경력 17년2개월   평균 근속1년 이상", "link": "https://www.jobkorea.co.kr/Corp/Person/Find/Resume/View?rNo=23345319"}, 
{ "name": "장OO", "age": "(남  만 34세)", "career": "총 경력 10년9개월   평균 근속3년 이상", "link": "https://www.jobkorea.co.kr/Corp/Person/Find/Resume/View?rNo=8566286"}, 
{ "name": "김OO", "age": "(여  만 30세)", "career": "총 경력 2년10개월   평균 근속1년 이상", "link": "https://www.jobkorea.co.kr/Corp/Person/Find/Resume/View?rNo=25327786"}, 
{ "name": "전OO", "age": "(여  만 26세)", "career": "총 경력 신입", "link": "https://www.jobkorea.co.kr/Corp/Person/Find/Resume/View?rNo=19367469"}, 
{ "name": "김OO", "age": "(여  만 36세)", "career": "총 경력 11년2개월   평균 근속1년 이상", "link": "https://www.jobkorea.co.kr/Corp/Person/Find/Resume/View?rNo=19516949"}, 
{ "name": "김OO", "age": "(여  만 26세)", "career": "총 경력 7년1개월   평균 근속1년 이상", "link": "https://www.jobkorea.co.kr/Corp/Person/Find/Resume/View?rNo=16504334"}, 
{ "name": "김OO", "age": "(남  만 42세)", "career": "총 경력 15년4개월   평균 근속7년 이상", "link": "https://www.jobkorea.co.kr/Corp/Person/Find/Resume/View?rNo=25186712"}, 
{ "name": "황OO", "age": "(여  만 63세)", "career": "총 경력 18년4개월   평균 근속3년 이상", "link": "https://www.jobkorea.co.kr/Corp/Person/Find/Resume/View?rNo=11831962"}, 
{ "name": "이OO", "age": "(남  만 32세)", "career": "총 경력 5년1개월   평균 근속1년 이상", "link": "https://www.jobkorea.co.kr/Corp/Person/Find/Resume/View?rNo=13938940"}, 
{ "name": "최OO", "age": "(남  만 27세)", "career": "총 경력 3년2개월   평균 근속1년 이상", "link": "https://www.jobkorea.co.kr/Corp/Person/Find/Resume/View?rNo=21853790"}, 
{ "name": "신OO", "age": "(여  만 31세)", "career": "총 경력 8년1개월   평균 근속3년 이상", "link": "https://www.jobkorea.co.kr/Corp/Person/Find/Resume/View?rNo=7521973"}, 
{ "name": "서OO", "age": "(남  만 25세)", "career": "총 경력 1년7개월   평균 근속1년 이상", "link": "https://www.jobkorea.co.kr/Corp/Person/Find/Resume/View?rNo=19050759"}, 
{ "name": "김OO", "age": "(남  만 25세)", "career": "총 경력 신입", "link": "https://www.jobkorea.co.kr/Corp/Person/Find/Resume/View?rNo=22726017"}, 
{ "name": "안OO", "age": "(여  만 26세)", "career": "총 경력 신입", "link": "https://www.jobkorea.co.kr/Corp/Person/Find/Resume/View?rNo=17096518"}, 
{ "name": "안OO", "age": "(남  만 36세)", "career": "총 경력 10년3개월   평균 근속1년 이상", "link": "https://www.jobkorea.co.kr/Corp/Person/Find/Resume/View?rNo=25421284"}, 
{ "name": "김OO", "age": "(여  만 24세)", "career": "총 경력 신입", "link": "https://www.jobkorea.co.kr/Corp/Person/Find/Resume/View?rNo=22983601"}, 
{ "name": "김OO", "age": "(남  만 51세)", "career": "총 경력 25년6개월   평균 근속5년 이상", "link": "https://www.jobkorea.co.kr/Corp/Person/Find/Resume/View?rNo=21228758"}, 
{ "name": "이OO", "age": "(여  만 26세)", "career": "총 경력 6년11개월   평균 근속3년 이상", "link": "https://www.jobkorea.co.kr/Corp/Person/Find/Resume/View?rNo=14162161"}, 
{ "name": "노OO", "age": "(여  만 25세)", "career": "총 경력 신입", "link": "https://www.jobkorea.co.kr/Corp/Person/Find/Resume/View?rNo=22026006"}, 
{ "name": "송OO", "age": "(남  만 39세)", "career": "총 경력 10년3개월   평균 근속3년 이상", "link": "https://www.jobkorea.co.kr/Corp/Person/Find/Resume/View?rNo=5221909"}, 
{ "name": "임OO", "age": "(여  만 24세)", "career": "총 경력 신입", "link": "https://www.jobkorea.co.kr/Corp/Person/Find/Resume/View?rNo=20808331"}, 
{ "name": "이OO", "age": "(남  만 26세)", "career": "총 경력 1년", "link": "https://www.jobkorea.co.kr/Corp/Person/Find/Resume/View?rNo=24738921"}, 
{ "name": "김OO", "age": "(남  만 35세)", "career": "총 경력 4년9개월   평균 근속3년 이상", "link": "https://www.jobkorea.co.kr/Corp/Person/Find/Resume/View?rNo=25009422"}, 
{ "name": "전OO", "age": "(남  만 42세)", "career": "총 경력 12년6개월   평균 근속1년 이상", "link": "https://www.jobkorea.co.kr/Corp/Person/Find/Resume/View?rNo=25423398"}, 
{ "name": "정OO", "age": "(남  만 40세)", "career": "총 경력 6년2개월   평균 근속1년 이상", "link": "https://www.jobkorea.co.kr/Corp/Person/Find/Resume/View?rNo=3587551"}, 
{ "name": "임OO", "age": "(남  만 33세)", "career": "총 경력 7년10개월   평균 근속1년 이상", "link": "https://www.jobkorea.co.kr/Corp/Person/Find/Resume/View?rNo=13553517"}, 
{ "name": "이OO", "age": "(남  만 47세)", "career": "총 경력 18년9개월   평균 근속1년 이상", "link": "https://www.jobkorea.co.kr/Corp/Person/Find/Resume/View?rNo=7972906"}, 
{ "name": "양OO", "age": "(남  만 52세)", "career": "총 경력 34년4개월   평균 근속3년 이상", "link": "https://www.jobkorea.co.kr/Corp/Person/Find/Resume/View?rNo=5030417"}, 
{ "name": "박OO", "age": "(남  만 30세)", "career": "총 경력 3년10개월   평균 근속1년 이상", "link": "https://www.jobkorea.co.kr/Corp/Person/Find/Resume/View?rNo=22202978"}, 
{ "name": "권OO", "age": "(남  만 42세)", "career": "총 경력 18년11개월   평균 근속3년 이상", "link": "https://www.jobkorea.co.kr/Corp/Person/Find/Resume/View?rNo=16192809"}, 
{ "name": "김OO", "age": "(여  만 32세)", "career": "총 경력 1년1개월   평균 근속1년 이상", "link": "https://www.jobkorea.co.kr/Corp/Person/Find/Resume/View?rNo=15991453"}, 
{ "name": "홍OO", "age": "(여  만 53세)", "career": "총 경력 24년4개월   평균 근속3년 이상", "link": "https://www.jobkorea.co.kr/Corp/Person/Find/Resume/View?rNo=21446275"}, 
]